[{
		"nombre": "España",
		"continente": "Europa",
		"capital": "Madrid",
		"textoCapital": "Madrid es un municipio y una ciudad de España. La localidad, con categoría…",
		"ciudadImportante": [
			"Madrid",
			"Barcelona",
			"Valencia",
			"Sevilla",
			"Zaragoza",
			"Málaga",
			"Murcia"
		]
	},
	{
		"nombre": "México",
		"continente": "América",
		"capital": "México D.F.",
		"textoCapital": "La Ciudad de México, Distrito Federal o, en su forma abreviada, México, D.F., es… ",
		"ciudadImportante": [
			"México D.F.",
			"Ecatepec",
			"Guadalajara",
			"Puebla",
			"Juárez",
			"Tijuana",
			"León",
			"Zapopan"
		]
	},
	{
		"nombre": "Argentina",
		"continente": "América",
		"capital": "Buenos Aires",
		"textoCapital": "Buenos Aires, formalmente Ciudad Autónoma de Buenos Aires (CABA) ―también… ",
		"ciudadImportante": [
			"Buenos Aires",
			"Córdoba",
			"Rosario",
			"La Plata",
			"Mar del Plata",
			"San Miguel de Tucumán",
			"Ciudad de Salta"
		]
	},
	{
		"nombre": "Colombia",
		"continente": "América",
		"capital": "Bogotá",
		"textoCapital": "Bogotá, oficialmente Bogotá, Distrito Capital, abreviado Bogotá, D. C. es la… ",
		"ciudadImportante": [
			"Bogotá",
			"Medellín",
			"Cali",
			"Barranquilla",
			"Cartagena",
			"Cúcuta",
			"Soledad",
			"Ibagué"
		]
	}
]